<keymap version="1" name="macOS copy" parent="Mac OS X 10.5+">
  <action id="$LRU">
    <keyboard-shortcut first-keystroke="ctrl meta e" />
  </action>
  <action id="ActivateDatabaseToolWindow">
    <keyboard-shortcut first-keystroke="meta 3" />
  </action>
  <action id="ActivateFindToolWindow" />
  <action id="Adtui.ZoomToFitAction">
    <keyboard-shortcut first-keystroke="meta divide" />
  </action>
  <action id="AixApplyFix">
    <keyboard-shortcut first-keystroke="ctrl meta slash" />
  </action>
  <action id="CodeCompletion">
    <keyboard-shortcut first-keystroke="meta slash" />
  </action>
  <action id="CommentByLineComment">
    <keyboard-shortcut first-keystroke="meta divide" />
    <keyboard-shortcut first-keystroke="ctrl slash" />
  </action>
  <action id="Editor LRU">
    <keyboard-shortcut first-keystroke="ctrl meta e" />
  </action>
  <action id="FileChooser.GotoModule" />
  <action id="FileChooserList.Root" />
  <action id="Graph.ActualSize">
    <keyboard-shortcut first-keystroke="meta divide" />
  </action>
  <action id="Images.Editor.ActualSize">
    <keyboard-shortcut first-keystroke="meta divide" />
  </action>
  <action id="SelectInProjectView">
    <keyboard-shortcut first-keystroke="shift alt e" />
  </action>
  <action id="editRunConfigurations">
    <keyboard-shortcut first-keystroke="shift meta j" />
  </action>
</keymap>