<application>
  <component name="dataSourceStorage" format="xml" multifile-model="true">
    <data-source source="LOCAL" name="uat【global】" group="why" uuid="54d76d85-2f01-451c-9b4a-825ce35dfc10">
      <driver-ref>postgresql</driver-ref>
      <synchronize>true</synchronize>
      <jdbc-driver>org.postgresql.Driver</jdbc-driver>
      <jdbc-url>jdbc:postgresql://pgm-bp1ft404d99gnb8kqo.pg.rds.aliyuncs.com:5432/whypro_0706</jdbc-url>
      <working-dir>$ProjectFileDir$</working-dir>
    </data-source>
    <data-source source="LOCAL" name="dev火山【global】" group="why" uuid="c9c2bfbd-29e8-4a05-8842-505ce1650ae2">
      <driver-ref>postgresql</driver-ref>
      <synchronize>true</synchronize>
      <jdbc-driver>org.postgresql.Driver</jdbc-driver>
      <jdbc-url>jdbc:postgresql://postgrese8b622b0142e.rds-pg.ivolces.com:5432/postgres</jdbc-url>
      <working-dir>$ProjectFileDir$</working-dir>
    </data-source>
    <data-source source="LOCAL" name="why_pro【global】" group="why" uuid="034e568b-f672-4b88-8f2c-1b6ce6988cf6">
      <driver-ref>postgresql</driver-ref>
      <synchronize>true</synchronize>
      <jdbc-driver>org.postgresql.Driver</jdbc-driver>
      <jdbc-url>jdbc:postgresql://pgm-bp1px2o0fr49d1338o.pg.rds.aliyuncs.com:1921/whypro</jdbc-url>
    </data-source>
    <data-source source="LOCAL" name="dev[火山]" group="redis" uuid="da3289ab-d781-409a-8fb5-b5c561d3ab05">
      <driver-ref>redis</driver-ref>
      <synchronize>true</synchronize>
      <jdbc-driver>jdbc.RedisDriver</jdbc-driver>
      <jdbc-url>jdbc:redis://redis-shzlpwwyf628gbj5a.cn-shanghai.redis.ivolces.com:6379/0</jdbc-url>
      <working-dir>$ProjectFileDir$</working-dir>
    </data-source>
    <data-source source="LOCAL" name="线上redis" group="redis" uuid="c3a5bc96-cb35-46d7-b564-e231717ae886">
      <driver-ref>redis</driver-ref>
      <synchronize>true</synchronize>
      <jdbc-driver>jdbc.RedisDriver</jdbc-driver>
      <jdbc-url>jdbc:redis://r-bp18g0m9vb21iibcdnpd.redis.rds.aliyuncs.com:6379/0</jdbc-url>
      <working-dir>$ProjectFileDir$</working-dir>
    </data-source>
  </component>
</application>