<application>
  <component name="FindSettings">
    <option name="customScope" value="All Places" />
    <option name="defaultScopeName" value="All Places" />
    <option name="SEARCH_SCOPE" value="All Places" />
    <mask>*.css</mask>
    <mask>*.html</mask>
    <mask>*.jsp</mask>
    <mask>*.properties</mask>
    <mask>*.java</mask>
    <mask>*controller.java</mask>
    <mask>*local.properties</mask>
    <mask>*task*.java</mask>
    <mask>*controller*.java</mask>
    <mask>*.yml</mask>
    <mask>*mapper.xml</mask>
    <mask>pom.xml</mask>
    <mask>*.xml</mask>
    <mask>*request.java</mask>
  </component>
</application>