<application>
  <component name="ProjectJdkTable">
    <jdk version="2">
      <name value="1.8" />
      <type value="JavaSDK" />
      <version value="java version &quot;1.8.0_312&quot;" />
      <homePath value="$USER_HOME$/.sdkman/candidates/java/8.0.312.fx-librca" />
      <roots>
        <annotationsPath>
          <root type="composite">
            <root url="jar://$APPLICATION_HOME_DIR$/plugins/java/lib/resources/jdkAnnotations.jar!/" type="simple" />
          </root>
        </annotationsPath>
        <classPath>
          <root type="composite">
            <root url="jar://$USER_HOME$/.sdkman/candidates/java/8.0.312.fx-librca/jre/lib/charsets.jar!/" type="simple" />
            <root url="jar://$USER_HOME$/.sdkman/candidates/java/8.0.312.fx-librca/jre/lib/ext/cldrdata.jar!/" type="simple" />
            <root url="jar://$USER_HOME$/.sdkman/candidates/java/8.0.312.fx-librca/jre/lib/ext/dnsns.jar!/" type="simple" />
            <root url="jar://$USER_HOME$/.sdkman/candidates/java/8.0.312.fx-librca/jre/lib/ext/jaccess.jar!/" type="simple" />
            <root url="jar://$USER_HOME$/.sdkman/candidates/java/8.0.312.fx-librca/jre/lib/ext/jfxrt.jar!/" type="simple" />
            <root url="jar://$USER_HOME$/.sdkman/candidates/java/8.0.312.fx-librca/jre/lib/ext/localedata.jar!/" type="simple" />
            <root url="jar://$USER_HOME$/.sdkman/candidates/java/8.0.312.fx-librca/jre/lib/ext/nashorn.jar!/" type="simple" />
            <root url="jar://$USER_HOME$/.sdkman/candidates/java/8.0.312.fx-librca/jre/lib/ext/sunec.jar!/" type="simple" />
            <root url="jar://$USER_HOME$/.sdkman/candidates/java/8.0.312.fx-librca/jre/lib/ext/sunjce_provider.jar!/" type="simple" />
            <root url="jar://$USER_HOME$/.sdkman/candidates/java/8.0.312.fx-librca/jre/lib/ext/sunpkcs11.jar!/" type="simple" />
            <root url="jar://$USER_HOME$/.sdkman/candidates/java/8.0.312.fx-librca/jre/lib/ext/zipfs.jar!/" type="simple" />
            <root url="jar://$USER_HOME$/.sdkman/candidates/java/8.0.312.fx-librca/jre/lib/jce.jar!/" type="simple" />
            <root url="jar://$USER_HOME$/.sdkman/candidates/java/8.0.312.fx-librca/jre/lib/jfr.jar!/" type="simple" />
            <root url="jar://$USER_HOME$/.sdkman/candidates/java/8.0.312.fx-librca/jre/lib/jfxswt.jar!/" type="simple" />
            <root url="jar://$USER_HOME$/.sdkman/candidates/java/8.0.312.fx-librca/jre/lib/jsse.jar!/" type="simple" />
            <root url="jar://$USER_HOME$/.sdkman/candidates/java/8.0.312.fx-librca/jre/lib/management-agent.jar!/" type="simple" />
            <root url="jar://$USER_HOME$/.sdkman/candidates/java/8.0.312.fx-librca/jre/lib/resources.jar!/" type="simple" />
            <root url="jar://$USER_HOME$/.sdkman/candidates/java/8.0.312.fx-librca/jre/lib/rt.jar!/" type="simple" />
          </root>
        </classPath>
        <javadocPath>
          <root type="composite" />
        </javadocPath>
        <sourcePath>
          <root type="composite">
            <root url="jar://$USER_HOME$/.sdkman/candidates/java/8.0.312.fx-librca/src.zip!/" type="simple" />
          </root>
        </sourcePath>
      </roots>
      <additional />
    </jdk>
    <jdk version="2">
      <name value="Kotlin SDK" />
      <type value="KotlinSDK" />
      <homePath value="" />
      <roots>
        <annotationsPath>
          <root type="composite" />
        </annotationsPath>
        <classPath>
          <root type="composite" />
        </classPath>
        <javadocPath>
          <root type="composite" />
        </javadocPath>
        <sourcePath>
          <root type="composite" />
        </sourcePath>
      </roots>
      <additional />
    </jdk>
    <jdk version="2">
      <name value="liberica-17" />
      <type value="JavaSDK" />
      <version value="BellSoft Liberica version 17.0.7" />
      <homePath value="$USER_HOME$/.sdkman/candidates/java/current" />
      <roots>
        <annotationsPath>
          <root type="composite">
            <root url="jar://$APPLICATION_HOME_DIR$/plugins/java/lib/resources/jdkAnnotations.jar!/" type="simple" />
          </root>
        </annotationsPath>
        <classPath>
          <root type="composite">
            <root url="jrt:///Users/miaoxueyu/.sdkman/candidates/java/current!/java.base" type="simple" />
            <root url="jrt:///Users/miaoxueyu/.sdkman/candidates/java/current!/java.compiler" type="simple" />
            <root url="jrt:///Users/miaoxueyu/.sdkman/candidates/java/current!/java.datatransfer" type="simple" />
            <root url="jrt:///Users/miaoxueyu/.sdkman/candidates/java/current!/java.desktop" type="simple" />
            <root url="jrt:///Users/miaoxueyu/.sdkman/candidates/java/current!/java.instrument" type="simple" />
            <root url="jrt:///Users/miaoxueyu/.sdkman/candidates/java/current!/java.logging" type="simple" />
            <root url="jrt:///Users/miaoxueyu/.sdkman/candidates/java/current!/java.management" type="simple" />
            <root url="jrt:///Users/miaoxueyu/.sdkman/candidates/java/current!/java.management.rmi" type="simple" />
            <root url="jrt:///Users/miaoxueyu/.sdkman/candidates/java/current!/java.naming" type="simple" />
            <root url="jrt:///Users/miaoxueyu/.sdkman/candidates/java/current!/java.net.http" type="simple" />
            <root url="jrt:///Users/miaoxueyu/.sdkman/candidates/java/current!/java.prefs" type="simple" />
            <root url="jrt:///Users/miaoxueyu/.sdkman/candidates/java/current!/java.rmi" type="simple" />
            <root url="jrt:///Users/miaoxueyu/.sdkman/candidates/java/current!/java.scripting" type="simple" />
            <root url="jrt:///Users/miaoxueyu/.sdkman/candidates/java/current!/java.se" type="simple" />
            <root url="jrt:///Users/miaoxueyu/.sdkman/candidates/java/current!/java.security.jgss" type="simple" />
            <root url="jrt:///Users/miaoxueyu/.sdkman/candidates/java/current!/java.security.sasl" type="simple" />
            <root url="jrt:///Users/miaoxueyu/.sdkman/candidates/java/current!/java.smartcardio" type="simple" />
            <root url="jrt:///Users/miaoxueyu/.sdkman/candidates/java/current!/java.sql" type="simple" />
            <root url="jrt:///Users/miaoxueyu/.sdkman/candidates/java/current!/java.sql.rowset" type="simple" />
            <root url="jrt:///Users/miaoxueyu/.sdkman/candidates/java/current!/java.transaction.xa" type="simple" />
            <root url="jrt:///Users/miaoxueyu/.sdkman/candidates/java/current!/java.xml" type="simple" />
            <root url="jrt:///Users/miaoxueyu/.sdkman/candidates/java/current!/java.xml.crypto" type="simple" />
            <root url="jrt:///Users/miaoxueyu/.sdkman/candidates/java/current!/jdk.accessibility" type="simple" />
            <root url="jrt:///Users/miaoxueyu/.sdkman/candidates/java/current!/jdk.attach" type="simple" />
            <root url="jrt:///Users/miaoxueyu/.sdkman/candidates/java/current!/jdk.charsets" type="simple" />
            <root url="jrt:///Users/miaoxueyu/.sdkman/candidates/java/current!/jdk.compiler" type="simple" />
            <root url="jrt:///Users/miaoxueyu/.sdkman/candidates/java/current!/jdk.crypto.cryptoki" type="simple" />
            <root url="jrt:///Users/miaoxueyu/.sdkman/candidates/java/current!/jdk.crypto.ec" type="simple" />
            <root url="jrt:///Users/miaoxueyu/.sdkman/candidates/java/current!/jdk.dynalink" type="simple" />
            <root url="jrt:///Users/miaoxueyu/.sdkman/candidates/java/current!/jdk.editpad" type="simple" />
            <root url="jrt:///Users/miaoxueyu/.sdkman/candidates/java/current!/jdk.hotspot.agent" type="simple" />
            <root url="jrt:///Users/miaoxueyu/.sdkman/candidates/java/current!/jdk.httpserver" type="simple" />
            <root url="jrt:///Users/miaoxueyu/.sdkman/candidates/java/current!/jdk.incubator.foreign" type="simple" />
            <root url="jrt:///Users/miaoxueyu/.sdkman/candidates/java/current!/jdk.incubator.vector" type="simple" />
            <root url="jrt:///Users/miaoxueyu/.sdkman/candidates/java/current!/jdk.internal.ed" type="simple" />
            <root url="jrt:///Users/miaoxueyu/.sdkman/candidates/java/current!/jdk.internal.jvmstat" type="simple" />
            <root url="jrt:///Users/miaoxueyu/.sdkman/candidates/java/current!/jdk.internal.le" type="simple" />
            <root url="jrt:///Users/miaoxueyu/.sdkman/candidates/java/current!/jdk.internal.opt" type="simple" />
            <root url="jrt:///Users/miaoxueyu/.sdkman/candidates/java/current!/jdk.internal.vm.ci" type="simple" />
            <root url="jrt:///Users/miaoxueyu/.sdkman/candidates/java/current!/jdk.internal.vm.compiler" type="simple" />
            <root url="jrt:///Users/miaoxueyu/.sdkman/candidates/java/current!/jdk.internal.vm.compiler.management" type="simple" />
            <root url="jrt:///Users/miaoxueyu/.sdkman/candidates/java/current!/jdk.jartool" type="simple" />
            <root url="jrt:///Users/miaoxueyu/.sdkman/candidates/java/current!/jdk.javadoc" type="simple" />
            <root url="jrt:///Users/miaoxueyu/.sdkman/candidates/java/current!/jdk.jcmd" type="simple" />
            <root url="jrt:///Users/miaoxueyu/.sdkman/candidates/java/current!/jdk.jconsole" type="simple" />
            <root url="jrt:///Users/miaoxueyu/.sdkman/candidates/java/current!/jdk.jdeps" type="simple" />
            <root url="jrt:///Users/miaoxueyu/.sdkman/candidates/java/current!/jdk.jdi" type="simple" />
            <root url="jrt:///Users/miaoxueyu/.sdkman/candidates/java/current!/jdk.jdwp.agent" type="simple" />
            <root url="jrt:///Users/miaoxueyu/.sdkman/candidates/java/current!/jdk.jfr" type="simple" />
            <root url="jrt:///Users/miaoxueyu/.sdkman/candidates/java/current!/jdk.jlink" type="simple" />
            <root url="jrt:///Users/miaoxueyu/.sdkman/candidates/java/current!/jdk.jpackage" type="simple" />
            <root url="jrt:///Users/miaoxueyu/.sdkman/candidates/java/current!/jdk.jshell" type="simple" />
            <root url="jrt:///Users/miaoxueyu/.sdkman/candidates/java/current!/jdk.jsobject" type="simple" />
            <root url="jrt:///Users/miaoxueyu/.sdkman/candidates/java/current!/jdk.jstatd" type="simple" />
            <root url="jrt:///Users/miaoxueyu/.sdkman/candidates/java/current!/jdk.localedata" type="simple" />
            <root url="jrt:///Users/miaoxueyu/.sdkman/candidates/java/current!/jdk.management" type="simple" />
            <root url="jrt:///Users/miaoxueyu/.sdkman/candidates/java/current!/jdk.management.agent" type="simple" />
            <root url="jrt:///Users/miaoxueyu/.sdkman/candidates/java/current!/jdk.management.jfr" type="simple" />
            <root url="jrt:///Users/miaoxueyu/.sdkman/candidates/java/current!/jdk.naming.dns" type="simple" />
            <root url="jrt:///Users/miaoxueyu/.sdkman/candidates/java/current!/jdk.naming.rmi" type="simple" />
            <root url="jrt:///Users/miaoxueyu/.sdkman/candidates/java/current!/jdk.net" type="simple" />
            <root url="jrt:///Users/miaoxueyu/.sdkman/candidates/java/current!/jdk.nio.mapmode" type="simple" />
            <root url="jrt:///Users/miaoxueyu/.sdkman/candidates/java/current!/jdk.random" type="simple" />
            <root url="jrt:///Users/miaoxueyu/.sdkman/candidates/java/current!/jdk.sctp" type="simple" />
            <root url="jrt:///Users/miaoxueyu/.sdkman/candidates/java/current!/jdk.security.auth" type="simple" />
            <root url="jrt:///Users/miaoxueyu/.sdkman/candidates/java/current!/jdk.security.jgss" type="simple" />
            <root url="jrt:///Users/miaoxueyu/.sdkman/candidates/java/current!/jdk.unsupported" type="simple" />
            <root url="jrt:///Users/miaoxueyu/.sdkman/candidates/java/current!/jdk.unsupported.desktop" type="simple" />
            <root url="jrt:///Users/miaoxueyu/.sdkman/candidates/java/current!/jdk.xml.dom" type="simple" />
            <root url="jrt:///Users/miaoxueyu/.sdkman/candidates/java/current!/jdk.zipfs" type="simple" />
          </root>
        </classPath>
        <javadocPath>
          <root type="composite" />
        </javadocPath>
        <sourcePath>
          <root type="composite">
            <root url="jar://$USER_HOME$/.sdkman/candidates/java/current/lib/src.zip!/java.se" type="simple" />
            <root url="jar://$USER_HOME$/.sdkman/candidates/java/current/lib/src.zip!/jdk.jdi" type="simple" />
            <root url="jar://$USER_HOME$/.sdkman/candidates/java/current/lib/src.zip!/jdk.jfr" type="simple" />
            <root url="jar://$USER_HOME$/.sdkman/candidates/java/current/lib/src.zip!/jdk.net" type="simple" />
            <root url="jar://$USER_HOME$/.sdkman/candidates/java/current/lib/src.zip!/java.rmi" type="simple" />
            <root url="jar://$USER_HOME$/.sdkman/candidates/java/current/lib/src.zip!/java.sql" type="simple" />
            <root url="jar://$USER_HOME$/.sdkman/candidates/java/current/lib/src.zip!/java.xml" type="simple" />
            <root url="jar://$USER_HOME$/.sdkman/candidates/java/current/lib/src.zip!/jdk.jcmd" type="simple" />
            <root url="jar://$USER_HOME$/.sdkman/candidates/java/current/lib/src.zip!/jdk.sctp" type="simple" />
            <root url="jar://$USER_HOME$/.sdkman/candidates/java/current/lib/src.zip!/java.base" type="simple" />
            <root url="jar://$USER_HOME$/.sdkman/candidates/java/current/lib/src.zip!/jdk.jdeps" type="simple" />
            <root url="jar://$USER_HOME$/.sdkman/candidates/java/current/lib/src.zip!/jdk.jlink" type="simple" />
            <root url="jar://$USER_HOME$/.sdkman/candidates/java/current/lib/src.zip!/jdk.zipfs" type="simple" />
            <root url="jar://$USER_HOME$/.sdkman/candidates/java/current/lib/src.zip!/java.prefs" type="simple" />
            <root url="jar://$USER_HOME$/.sdkman/candidates/java/current/lib/src.zip!/jdk.attach" type="simple" />
            <root url="jar://$USER_HOME$/.sdkman/candidates/java/current/lib/src.zip!/jdk.jshell" type="simple" />
            <root url="jar://$USER_HOME$/.sdkman/candidates/java/current/lib/src.zip!/jdk.jstatd" type="simple" />
            <root url="jar://$USER_HOME$/.sdkman/candidates/java/current/lib/src.zip!/jdk.random" type="simple" />
            <root url="jar://$USER_HOME$/.sdkman/candidates/java/current/lib/src.zip!/java.naming" type="simple" />
            <root url="jar://$USER_HOME$/.sdkman/candidates/java/current/lib/src.zip!/jdk.editpad" type="simple" />
            <root url="jar://$USER_HOME$/.sdkman/candidates/java/current/lib/src.zip!/jdk.jartool" type="simple" />
            <root url="jar://$USER_HOME$/.sdkman/candidates/java/current/lib/src.zip!/jdk.javadoc" type="simple" />
            <root url="jar://$USER_HOME$/.sdkman/candidates/java/current/lib/src.zip!/jdk.xml.dom" type="simple" />
            <root url="jar://$USER_HOME$/.sdkman/candidates/java/current/lib/src.zip!/java.desktop" type="simple" />
            <root url="jar://$USER_HOME$/.sdkman/candidates/java/current/lib/src.zip!/java.logging" type="simple" />
            <root url="jar://$USER_HOME$/.sdkman/candidates/java/current/lib/src.zip!/jdk.charsets" type="simple" />
            <root url="jar://$USER_HOME$/.sdkman/candidates/java/current/lib/src.zip!/jdk.compiler" type="simple" />
            <root url="jar://$USER_HOME$/.sdkman/candidates/java/current/lib/src.zip!/jdk.dynalink" type="simple" />
            <root url="jar://$USER_HOME$/.sdkman/candidates/java/current/lib/src.zip!/jdk.jconsole" type="simple" />
            <root url="jar://$USER_HOME$/.sdkman/candidates/java/current/lib/src.zip!/jdk.jpackage" type="simple" />
            <root url="jar://$USER_HOME$/.sdkman/candidates/java/current/lib/src.zip!/jdk.jsobject" type="simple" />
            <root url="jar://$USER_HOME$/.sdkman/candidates/java/current/lib/src.zip!/java.compiler" type="simple" />
            <root url="jar://$USER_HOME$/.sdkman/candidates/java/current/lib/src.zip!/java.net.http" type="simple" />
            <root url="jar://$USER_HOME$/.sdkman/candidates/java/current/lib/src.zip!/jdk.crypto.ec" type="simple" />
            <root url="jar://$USER_HOME$/.sdkman/candidates/java/current/lib/src.zip!/java.scripting" type="simple" />
            <root url="jar://$USER_HOME$/.sdkman/candidates/java/current/lib/src.zip!/jdk.httpserver" type="simple" />
            <root url="jar://$USER_HOME$/.sdkman/candidates/java/current/lib/src.zip!/jdk.jdwp.agent" type="simple" />
            <root url="jar://$USER_HOME$/.sdkman/candidates/java/current/lib/src.zip!/jdk.localedata" type="simple" />
            <root url="jar://$USER_HOME$/.sdkman/candidates/java/current/lib/src.zip!/jdk.management" type="simple" />
            <root url="jar://$USER_HOME$/.sdkman/candidates/java/current/lib/src.zip!/jdk.naming.dns" type="simple" />
            <root url="jar://$USER_HOME$/.sdkman/candidates/java/current/lib/src.zip!/jdk.naming.rmi" type="simple" />
            <root url="jar://$USER_HOME$/.sdkman/candidates/java/current/lib/src.zip!/java.instrument" type="simple" />
            <root url="jar://$USER_HOME$/.sdkman/candidates/java/current/lib/src.zip!/java.management" type="simple" />
            <root url="jar://$USER_HOME$/.sdkman/candidates/java/current/lib/src.zip!/java.sql.rowset" type="simple" />
            <root url="jar://$USER_HOME$/.sdkman/candidates/java/current/lib/src.zip!/java.xml.crypto" type="simple" />
            <root url="jar://$USER_HOME$/.sdkman/candidates/java/current/lib/src.zip!/jdk.internal.ed" type="simple" />
            <root url="jar://$USER_HOME$/.sdkman/candidates/java/current/lib/src.zip!/jdk.internal.le" type="simple" />
            <root url="jar://$USER_HOME$/.sdkman/candidates/java/current/lib/src.zip!/jdk.nio.mapmode" type="simple" />
            <root url="jar://$USER_HOME$/.sdkman/candidates/java/current/lib/src.zip!/jdk.unsupported" type="simple" />
            <root url="jar://$USER_HOME$/.sdkman/candidates/java/current/lib/src.zip!/java.smartcardio" type="simple" />
            <root url="jar://$USER_HOME$/.sdkman/candidates/java/current/lib/src.zip!/jdk.internal.opt" type="simple" />
            <root url="jar://$USER_HOME$/.sdkman/candidates/java/current/lib/src.zip!/java.datatransfer" type="simple" />
            <root url="jar://$USER_HOME$/.sdkman/candidates/java/current/lib/src.zip!/jdk.accessibility" type="simple" />
            <root url="jar://$USER_HOME$/.sdkman/candidates/java/current/lib/src.zip!/jdk.hotspot.agent" type="simple" />
            <root url="jar://$USER_HOME$/.sdkman/candidates/java/current/lib/src.zip!/jdk.security.auth" type="simple" />
            <root url="jar://$USER_HOME$/.sdkman/candidates/java/current/lib/src.zip!/jdk.security.jgss" type="simple" />
            <root url="jar://$USER_HOME$/.sdkman/candidates/java/current/lib/src.zip!/java.security.jgss" type="simple" />
            <root url="jar://$USER_HOME$/.sdkman/candidates/java/current/lib/src.zip!/java.security.sasl" type="simple" />
            <root url="jar://$USER_HOME$/.sdkman/candidates/java/current/lib/src.zip!/jdk.internal.vm.ci" type="simple" />
            <root url="jar://$USER_HOME$/.sdkman/candidates/java/current/lib/src.zip!/jdk.management.jfr" type="simple" />
            <root url="jar://$USER_HOME$/.sdkman/candidates/java/current/lib/src.zip!/java.management.rmi" type="simple" />
            <root url="jar://$USER_HOME$/.sdkman/candidates/java/current/lib/src.zip!/java.transaction.xa" type="simple" />
            <root url="jar://$USER_HOME$/.sdkman/candidates/java/current/lib/src.zip!/jdk.crypto.cryptoki" type="simple" />
            <root url="jar://$USER_HOME$/.sdkman/candidates/java/current/lib/src.zip!/jdk.incubator.vector" type="simple" />
            <root url="jar://$USER_HOME$/.sdkman/candidates/java/current/lib/src.zip!/jdk.internal.jvmstat" type="simple" />
            <root url="jar://$USER_HOME$/.sdkman/candidates/java/current/lib/src.zip!/jdk.management.agent" type="simple" />
            <root url="jar://$USER_HOME$/.sdkman/candidates/java/current/lib/src.zip!/jdk.incubator.foreign" type="simple" />
            <root url="jar://$USER_HOME$/.sdkman/candidates/java/current/lib/src.zip!/jdk.unsupported.desktop" type="simple" />
            <root url="jar://$USER_HOME$/.sdkman/candidates/java/current/lib/src.zip!/jdk.internal.vm.compiler" type="simple" />
            <root url="jar://$USER_HOME$/.sdkman/candidates/java/current/lib/src.zip!/jdk.internal.vm.compiler.management" type="simple" />
          </root>
        </sourcePath>
      </roots>
      <additional />
    </jdk>
    <jdk version="2">
      <name value="11" />
      <type value="JavaSDK" />
      <version value="java version &quot;11.0.10&quot;" />
      <homePath value="$USER_HOME$/.sdkman/candidates/java/21.0.0.r11-grl" />
      <roots>
        <annotationsPath>
          <root type="composite">
            <root url="jar://$APPLICATION_HOME_DIR$/plugins/java/lib/resources/jdkAnnotations.jar!/" type="simple" />
          </root>
        </annotationsPath>
        <classPath>
          <root type="composite">
            <root url="jrt:///Users/miaoxueyu/.sdkman/candidates/java/21.0.0.r11-grl!/com.oracle.graal.graal_enterprise" type="simple" />
            <root url="jrt:///Users/miaoxueyu/.sdkman/candidates/java/21.0.0.r11-grl!/java.base" type="simple" />
            <root url="jrt:///Users/miaoxueyu/.sdkman/candidates/java/21.0.0.r11-grl!/java.compiler" type="simple" />
            <root url="jrt:///Users/miaoxueyu/.sdkman/candidates/java/21.0.0.r11-grl!/java.datatransfer" type="simple" />
            <root url="jrt:///Users/miaoxueyu/.sdkman/candidates/java/21.0.0.r11-grl!/java.desktop" type="simple" />
            <root url="jrt:///Users/miaoxueyu/.sdkman/candidates/java/21.0.0.r11-grl!/java.instrument" type="simple" />
            <root url="jrt:///Users/miaoxueyu/.sdkman/candidates/java/21.0.0.r11-grl!/java.logging" type="simple" />
            <root url="jrt:///Users/miaoxueyu/.sdkman/candidates/java/21.0.0.r11-grl!/java.management" type="simple" />
            <root url="jrt:///Users/miaoxueyu/.sdkman/candidates/java/21.0.0.r11-grl!/java.management.rmi" type="simple" />
            <root url="jrt:///Users/miaoxueyu/.sdkman/candidates/java/21.0.0.r11-grl!/java.naming" type="simple" />
            <root url="jrt:///Users/miaoxueyu/.sdkman/candidates/java/21.0.0.r11-grl!/java.net.http" type="simple" />
            <root url="jrt:///Users/miaoxueyu/.sdkman/candidates/java/21.0.0.r11-grl!/java.prefs" type="simple" />
            <root url="jrt:///Users/miaoxueyu/.sdkman/candidates/java/21.0.0.r11-grl!/java.rmi" type="simple" />
            <root url="jrt:///Users/miaoxueyu/.sdkman/candidates/java/21.0.0.r11-grl!/java.scripting" type="simple" />
            <root url="jrt:///Users/miaoxueyu/.sdkman/candidates/java/21.0.0.r11-grl!/java.se" type="simple" />
            <root url="jrt:///Users/miaoxueyu/.sdkman/candidates/java/21.0.0.r11-grl!/java.security.jgss" type="simple" />
            <root url="jrt:///Users/miaoxueyu/.sdkman/candidates/java/21.0.0.r11-grl!/java.security.sasl" type="simple" />
            <root url="jrt:///Users/miaoxueyu/.sdkman/candidates/java/21.0.0.r11-grl!/java.smartcardio" type="simple" />
            <root url="jrt:///Users/miaoxueyu/.sdkman/candidates/java/21.0.0.r11-grl!/java.sql" type="simple" />
            <root url="jrt:///Users/miaoxueyu/.sdkman/candidates/java/21.0.0.r11-grl!/java.sql.rowset" type="simple" />
            <root url="jrt:///Users/miaoxueyu/.sdkman/candidates/java/21.0.0.r11-grl!/java.transaction.xa" type="simple" />
            <root url="jrt:///Users/miaoxueyu/.sdkman/candidates/java/21.0.0.r11-grl!/java.xml" type="simple" />
            <root url="jrt:///Users/miaoxueyu/.sdkman/candidates/java/21.0.0.r11-grl!/java.xml.crypto" type="simple" />
            <root url="jrt:///Users/miaoxueyu/.sdkman/candidates/java/21.0.0.r11-grl!/jdk.accessibility" type="simple" />
            <root url="jrt:///Users/miaoxueyu/.sdkman/candidates/java/21.0.0.r11-grl!/jdk.aot" type="simple" />
            <root url="jrt:///Users/miaoxueyu/.sdkman/candidates/java/21.0.0.r11-grl!/jdk.attach" type="simple" />
            <root url="jrt:///Users/miaoxueyu/.sdkman/candidates/java/21.0.0.r11-grl!/jdk.charsets" type="simple" />
            <root url="jrt:///Users/miaoxueyu/.sdkman/candidates/java/21.0.0.r11-grl!/jdk.compiler" type="simple" />
            <root url="jrt:///Users/miaoxueyu/.sdkman/candidates/java/21.0.0.r11-grl!/jdk.crypto.cryptoki" type="simple" />
            <root url="jrt:///Users/miaoxueyu/.sdkman/candidates/java/21.0.0.r11-grl!/jdk.crypto.ec" type="simple" />
            <root url="jrt:///Users/miaoxueyu/.sdkman/candidates/java/21.0.0.r11-grl!/jdk.dynalink" type="simple" />
            <root url="jrt:///Users/miaoxueyu/.sdkman/candidates/java/21.0.0.r11-grl!/jdk.editpad" type="simple" />
            <root url="jrt:///Users/miaoxueyu/.sdkman/candidates/java/21.0.0.r11-grl!/jdk.hotspot.agent" type="simple" />
            <root url="jrt:///Users/miaoxueyu/.sdkman/candidates/java/21.0.0.r11-grl!/jdk.httpserver" type="simple" />
            <root url="jrt:///Users/miaoxueyu/.sdkman/candidates/java/21.0.0.r11-grl!/jdk.internal.ed" type="simple" />
            <root url="jrt:///Users/miaoxueyu/.sdkman/candidates/java/21.0.0.r11-grl!/jdk.internal.jvmstat" type="simple" />
            <root url="jrt:///Users/miaoxueyu/.sdkman/candidates/java/21.0.0.r11-grl!/jdk.internal.le" type="simple" />
            <root url="jrt:///Users/miaoxueyu/.sdkman/candidates/java/21.0.0.r11-grl!/jdk.internal.opt" type="simple" />
            <root url="jrt:///Users/miaoxueyu/.sdkman/candidates/java/21.0.0.r11-grl!/jdk.internal.vm.ci" type="simple" />
            <root url="jrt:///Users/miaoxueyu/.sdkman/candidates/java/21.0.0.r11-grl!/jdk.internal.vm.compiler" type="simple" />
            <root url="jrt:///Users/miaoxueyu/.sdkman/candidates/java/21.0.0.r11-grl!/jdk.internal.vm.compiler.management" type="simple" />
            <root url="jrt:///Users/miaoxueyu/.sdkman/candidates/java/21.0.0.r11-grl!/jdk.internal.vm.compiler.truffle.jfr" type="simple" />
            <root url="jrt:///Users/miaoxueyu/.sdkman/candidates/java/21.0.0.r11-grl!/jdk.jartool" type="simple" />
            <root url="jrt:///Users/miaoxueyu/.sdkman/candidates/java/21.0.0.r11-grl!/jdk.javadoc" type="simple" />
            <root url="jrt:///Users/miaoxueyu/.sdkman/candidates/java/21.0.0.r11-grl!/jdk.jcmd" type="simple" />
            <root url="jrt:///Users/miaoxueyu/.sdkman/candidates/java/21.0.0.r11-grl!/jdk.jconsole" type="simple" />
            <root url="jrt:///Users/miaoxueyu/.sdkman/candidates/java/21.0.0.r11-grl!/jdk.jdeps" type="simple" />
            <root url="jrt:///Users/miaoxueyu/.sdkman/candidates/java/21.0.0.r11-grl!/jdk.jdi" type="simple" />
            <root url="jrt:///Users/miaoxueyu/.sdkman/candidates/java/21.0.0.r11-grl!/jdk.jdwp.agent" type="simple" />
            <root url="jrt:///Users/miaoxueyu/.sdkman/candidates/java/21.0.0.r11-grl!/jdk.jfr" type="simple" />
            <root url="jrt:///Users/miaoxueyu/.sdkman/candidates/java/21.0.0.r11-grl!/jdk.jlink" type="simple" />
            <root url="jrt:///Users/miaoxueyu/.sdkman/candidates/java/21.0.0.r11-grl!/jdk.jshell" type="simple" />
            <root url="jrt:///Users/miaoxueyu/.sdkman/candidates/java/21.0.0.r11-grl!/jdk.jsobject" type="simple" />
            <root url="jrt:///Users/miaoxueyu/.sdkman/candidates/java/21.0.0.r11-grl!/jdk.jstatd" type="simple" />
            <root url="jrt:///Users/miaoxueyu/.sdkman/candidates/java/21.0.0.r11-grl!/jdk.localedata" type="simple" />
            <root url="jrt:///Users/miaoxueyu/.sdkman/candidates/java/21.0.0.r11-grl!/jdk.management" type="simple" />
            <root url="jrt:///Users/miaoxueyu/.sdkman/candidates/java/21.0.0.r11-grl!/jdk.management.agent" type="simple" />
            <root url="jrt:///Users/miaoxueyu/.sdkman/candidates/java/21.0.0.r11-grl!/jdk.management.jfr" type="simple" />
            <root url="jrt:///Users/miaoxueyu/.sdkman/candidates/java/21.0.0.r11-grl!/jdk.naming.dns" type="simple" />
            <root url="jrt:///Users/miaoxueyu/.sdkman/candidates/java/21.0.0.r11-grl!/jdk.naming.ldap" type="simple" />
            <root url="jrt:///Users/miaoxueyu/.sdkman/candidates/java/21.0.0.r11-grl!/jdk.naming.rmi" type="simple" />
            <root url="jrt:///Users/miaoxueyu/.sdkman/candidates/java/21.0.0.r11-grl!/jdk.net" type="simple" />
            <root url="jrt:///Users/miaoxueyu/.sdkman/candidates/java/21.0.0.r11-grl!/jdk.pack" type="simple" />
            <root url="jrt:///Users/miaoxueyu/.sdkman/candidates/java/21.0.0.r11-grl!/jdk.rmic" type="simple" />
            <root url="jrt:///Users/miaoxueyu/.sdkman/candidates/java/21.0.0.r11-grl!/jdk.scripting.nashorn" type="simple" />
            <root url="jrt:///Users/miaoxueyu/.sdkman/candidates/java/21.0.0.r11-grl!/jdk.scripting.nashorn.shell" type="simple" />
            <root url="jrt:///Users/miaoxueyu/.sdkman/candidates/java/21.0.0.r11-grl!/jdk.sctp" type="simple" />
            <root url="jrt:///Users/miaoxueyu/.sdkman/candidates/java/21.0.0.r11-grl!/jdk.security.auth" type="simple" />
            <root url="jrt:///Users/miaoxueyu/.sdkman/candidates/java/21.0.0.r11-grl!/jdk.security.jgss" type="simple" />
            <root url="jrt:///Users/miaoxueyu/.sdkman/candidates/java/21.0.0.r11-grl!/jdk.unsupported" type="simple" />
            <root url="jrt:///Users/miaoxueyu/.sdkman/candidates/java/21.0.0.r11-grl!/jdk.unsupported.desktop" type="simple" />
            <root url="jrt:///Users/miaoxueyu/.sdkman/candidates/java/21.0.0.r11-grl!/jdk.xml.dom" type="simple" />
            <root url="jrt:///Users/miaoxueyu/.sdkman/candidates/java/21.0.0.r11-grl!/jdk.zipfs" type="simple" />
            <root url="jrt:///Users/miaoxueyu/.sdkman/candidates/java/21.0.0.r11-grl!/org.graalvm.js.scriptengine" type="simple" />
            <root url="jrt:///Users/miaoxueyu/.sdkman/candidates/java/21.0.0.r11-grl!/org.graalvm.locator" type="simple" />
            <root url="jrt:///Users/miaoxueyu/.sdkman/candidates/java/21.0.0.r11-grl!/org.graalvm.sdk" type="simple" />
            <root url="jrt:///Users/miaoxueyu/.sdkman/candidates/java/21.0.0.r11-grl!/org.graalvm.truffle" type="simple" />
          </root>
        </classPath>
        <javadocPath>
          <root type="composite" />
        </javadocPath>
        <sourcePath>
          <root type="composite">
            <root url="jar://$USER_HOME$/.sdkman/candidates/java/21.0.0.r11-grl/lib/src.zip!/java.se" type="simple" />
            <root url="jar://$USER_HOME$/.sdkman/candidates/java/21.0.0.r11-grl/lib/src.zip!/jdk.aot" type="simple" />
            <root url="jar://$USER_HOME$/.sdkman/candidates/java/21.0.0.r11-grl/lib/src.zip!/jdk.jdi" type="simple" />
            <root url="jar://$USER_HOME$/.sdkman/candidates/java/21.0.0.r11-grl/lib/src.zip!/jdk.jfr" type="simple" />
            <root url="jar://$USER_HOME$/.sdkman/candidates/java/21.0.0.r11-grl/lib/src.zip!/jdk.net" type="simple" />
            <root url="jar://$USER_HOME$/.sdkman/candidates/java/21.0.0.r11-grl/lib/src.zip!/java.rmi" type="simple" />
            <root url="jar://$USER_HOME$/.sdkman/candidates/java/21.0.0.r11-grl/lib/src.zip!/java.sql" type="simple" />
            <root url="jar://$USER_HOME$/.sdkman/candidates/java/21.0.0.r11-grl/lib/src.zip!/java.xml" type="simple" />
            <root url="jar://$USER_HOME$/.sdkman/candidates/java/21.0.0.r11-grl/lib/src.zip!/jdk.jcmd" type="simple" />
            <root url="jar://$USER_HOME$/.sdkman/candidates/java/21.0.0.r11-grl/lib/src.zip!/jdk.pack" type="simple" />
            <root url="jar://$USER_HOME$/.sdkman/candidates/java/21.0.0.r11-grl/lib/src.zip!/jdk.rmic" type="simple" />
            <root url="jar://$USER_HOME$/.sdkman/candidates/java/21.0.0.r11-grl/lib/src.zip!/jdk.sctp" type="simple" />
            <root url="jar://$USER_HOME$/.sdkman/candidates/java/21.0.0.r11-grl/lib/src.zip!/java.base" type="simple" />
            <root url="jar://$USER_HOME$/.sdkman/candidates/java/21.0.0.r11-grl/lib/src.zip!/jdk.jdeps" type="simple" />
            <root url="jar://$USER_HOME$/.sdkman/candidates/java/21.0.0.r11-grl/lib/src.zip!/jdk.jlink" type="simple" />
            <root url="jar://$USER_HOME$/.sdkman/candidates/java/21.0.0.r11-grl/lib/src.zip!/jdk.zipfs" type="simple" />
            <root url="jar://$USER_HOME$/.sdkman/candidates/java/21.0.0.r11-grl/lib/src.zip!/java.prefs" type="simple" />
            <root url="jar://$USER_HOME$/.sdkman/candidates/java/21.0.0.r11-grl/lib/src.zip!/jdk.attach" type="simple" />
            <root url="jar://$USER_HOME$/.sdkman/candidates/java/21.0.0.r11-grl/lib/src.zip!/jdk.jshell" type="simple" />
            <root url="jar://$USER_HOME$/.sdkman/candidates/java/21.0.0.r11-grl/lib/src.zip!/jdk.jstatd" type="simple" />
            <root url="jar://$USER_HOME$/.sdkman/candidates/java/21.0.0.r11-grl/lib/src.zip!/java.naming" type="simple" />
            <root url="jar://$USER_HOME$/.sdkman/candidates/java/21.0.0.r11-grl/lib/src.zip!/jdk.editpad" type="simple" />
            <root url="jar://$USER_HOME$/.sdkman/candidates/java/21.0.0.r11-grl/lib/src.zip!/jdk.jartool" type="simple" />
            <root url="jar://$USER_HOME$/.sdkman/candidates/java/21.0.0.r11-grl/lib/src.zip!/jdk.javadoc" type="simple" />
            <root url="jar://$USER_HOME$/.sdkman/candidates/java/21.0.0.r11-grl/lib/src.zip!/jdk.xml.dom" type="simple" />
            <root url="jar://$USER_HOME$/.sdkman/candidates/java/21.0.0.r11-grl/lib/src.zip!/java.desktop" type="simple" />
            <root url="jar://$USER_HOME$/.sdkman/candidates/java/21.0.0.r11-grl/lib/src.zip!/java.logging" type="simple" />
            <root url="jar://$USER_HOME$/.sdkman/candidates/java/21.0.0.r11-grl/lib/src.zip!/jdk.charsets" type="simple" />
            <root url="jar://$USER_HOME$/.sdkman/candidates/java/21.0.0.r11-grl/lib/src.zip!/jdk.compiler" type="simple" />
            <root url="jar://$USER_HOME$/.sdkman/candidates/java/21.0.0.r11-grl/lib/src.zip!/jdk.dynalink" type="simple" />
            <root url="jar://$USER_HOME$/.sdkman/candidates/java/21.0.0.r11-grl/lib/src.zip!/jdk.jconsole" type="simple" />
            <root url="jar://$USER_HOME$/.sdkman/candidates/java/21.0.0.r11-grl/lib/src.zip!/jdk.jsobject" type="simple" />
            <root url="jar://$USER_HOME$/.sdkman/candidates/java/21.0.0.r11-grl/lib/src.zip!/java.compiler" type="simple" />
            <root url="jar://$USER_HOME$/.sdkman/candidates/java/21.0.0.r11-grl/lib/src.zip!/java.net.http" type="simple" />
            <root url="jar://$USER_HOME$/.sdkman/candidates/java/21.0.0.r11-grl/lib/src.zip!/jdk.crypto.ec" type="simple" />
            <root url="jar://$USER_HOME$/.sdkman/candidates/java/21.0.0.r11-grl/lib/src.zip!/java.scripting" type="simple" />
            <root url="jar://$USER_HOME$/.sdkman/candidates/java/21.0.0.r11-grl/lib/src.zip!/jdk.httpserver" type="simple" />
            <root url="jar://$USER_HOME$/.sdkman/candidates/java/21.0.0.r11-grl/lib/src.zip!/jdk.jdwp.agent" type="simple" />
            <root url="jar://$USER_HOME$/.sdkman/candidates/java/21.0.0.r11-grl/lib/src.zip!/jdk.localedata" type="simple" />
            <root url="jar://$USER_HOME$/.sdkman/candidates/java/21.0.0.r11-grl/lib/src.zip!/jdk.management" type="simple" />
            <root url="jar://$USER_HOME$/.sdkman/candidates/java/21.0.0.r11-grl/lib/src.zip!/jdk.naming.dns" type="simple" />
            <root url="jar://$USER_HOME$/.sdkman/candidates/java/21.0.0.r11-grl/lib/src.zip!/jdk.naming.rmi" type="simple" />
            <root url="jar://$USER_HOME$/.sdkman/candidates/java/21.0.0.r11-grl/lib/src.zip!/java.instrument" type="simple" />
            <root url="jar://$USER_HOME$/.sdkman/candidates/java/21.0.0.r11-grl/lib/src.zip!/java.management" type="simple" />
            <root url="jar://$USER_HOME$/.sdkman/candidates/java/21.0.0.r11-grl/lib/src.zip!/java.sql.rowset" type="simple" />
            <root url="jar://$USER_HOME$/.sdkman/candidates/java/21.0.0.r11-grl/lib/src.zip!/java.xml.crypto" type="simple" />
            <root url="jar://$USER_HOME$/.sdkman/candidates/java/21.0.0.r11-grl/lib/src.zip!/jdk.internal.ed" type="simple" />
            <root url="jar://$USER_HOME$/.sdkman/candidates/java/21.0.0.r11-grl/lib/src.zip!/jdk.internal.le" type="simple" />
            <root url="jar://$USER_HOME$/.sdkman/candidates/java/21.0.0.r11-grl/lib/src.zip!/jdk.naming.ldap" type="simple" />
            <root url="jar://$USER_HOME$/.sdkman/candidates/java/21.0.0.r11-grl/lib/src.zip!/jdk.unsupported" type="simple" />
            <root url="jar://$USER_HOME$/.sdkman/candidates/java/21.0.0.r11-grl/lib/src.zip!/org.graalvm.sdk" type="simple" />
            <root url="jar://$USER_HOME$/.sdkman/candidates/java/21.0.0.r11-grl/lib/src.zip!/java.smartcardio" type="simple" />
            <root url="jar://$USER_HOME$/.sdkman/candidates/java/21.0.0.r11-grl/lib/src.zip!/jdk.internal.opt" type="simple" />
            <root url="jar://$USER_HOME$/.sdkman/candidates/java/21.0.0.r11-grl/lib/src.zip!/java.datatransfer" type="simple" />
            <root url="jar://$USER_HOME$/.sdkman/candidates/java/21.0.0.r11-grl/lib/src.zip!/jdk.accessibility" type="simple" />
            <root url="jar://$USER_HOME$/.sdkman/candidates/java/21.0.0.r11-grl/lib/src.zip!/jdk.hotspot.agent" type="simple" />
            <root url="jar://$USER_HOME$/.sdkman/candidates/java/21.0.0.r11-grl/lib/src.zip!/jdk.security.auth" type="simple" />
            <root url="jar://$USER_HOME$/.sdkman/candidates/java/21.0.0.r11-grl/lib/src.zip!/jdk.security.jgss" type="simple" />
            <root url="jar://$USER_HOME$/.sdkman/candidates/java/21.0.0.r11-grl/lib/src.zip!/java.security.jgss" type="simple" />
            <root url="jar://$USER_HOME$/.sdkman/candidates/java/21.0.0.r11-grl/lib/src.zip!/java.security.sasl" type="simple" />
            <root url="jar://$USER_HOME$/.sdkman/candidates/java/21.0.0.r11-grl/lib/src.zip!/jdk.internal.vm.ci" type="simple" />
            <root url="jar://$USER_HOME$/.sdkman/candidates/java/21.0.0.r11-grl/lib/src.zip!/jdk.management.jfr" type="simple" />
            <root url="jar://$USER_HOME$/.sdkman/candidates/java/21.0.0.r11-grl/lib/src.zip!/java.management.rmi" type="simple" />
            <root url="jar://$USER_HOME$/.sdkman/candidates/java/21.0.0.r11-grl/lib/src.zip!/java.transaction.xa" type="simple" />
            <root url="jar://$USER_HOME$/.sdkman/candidates/java/21.0.0.r11-grl/lib/src.zip!/jdk.crypto.cryptoki" type="simple" />
            <root url="jar://$USER_HOME$/.sdkman/candidates/java/21.0.0.r11-grl/lib/src.zip!/org.graalvm.truffle" type="simple" />
            <root url="jar://$USER_HOME$/.sdkman/candidates/java/21.0.0.r11-grl/lib/src.zip!/jdk.internal.jvmstat" type="simple" />
            <root url="jar://$USER_HOME$/.sdkman/candidates/java/21.0.0.r11-grl/lib/src.zip!/jdk.management.agent" type="simple" />
            <root url="jar://$USER_HOME$/.sdkman/candidates/java/21.0.0.r11-grl/lib/src.zip!/jdk.scripting.nashorn" type="simple" />
            <root url="jar://$USER_HOME$/.sdkman/candidates/java/21.0.0.r11-grl/lib/src.zip!/jdk.unsupported.desktop" type="simple" />
            <root url="jar://$USER_HOME$/.sdkman/candidates/java/21.0.0.r11-grl/lib/src.zip!/jdk.internal.vm.compiler" type="simple" />
            <root url="jar://$USER_HOME$/.sdkman/candidates/java/21.0.0.r11-grl/lib/src.zip!/jdk.scripting.nashorn.shell" type="simple" />
            <root url="jar://$USER_HOME$/.sdkman/candidates/java/21.0.0.r11-grl/lib/src.zip!/com.oracle.graal.graal_enterprise" type="simple" />
          </root>
        </sourcePath>
      </roots>
      <additional />
    </jdk>
  </component>
</application>