<application>
  <component name="MavenWrapperMapping">
    <option name="mapping">
      <map>
        <entry key="https://repo.maven.apache.org/maven2/org/apache/maven/apache-maven/3.8.4/apache-maven-3.8.4-bin.zip" value="$USER_HOME$/.m2/wrapper/dists/apache-maven-3.8.4-bin/52ccbt68d252mdldqsfsn03jlf/apache-maven-3.8.4" />
        <entry key="https://repo.maven.apache.org/maven2/org/apache/maven/apache-maven/3.8.6/apache-maven-3.8.6-bin.zip" value="$USER_HOME$/.m2/wrapper/dists/apache-maven-3.8.6-bin/1ks0nkde5v1pk9vtc31i9d0lcd/apache-maven-3.8.6" />
        <entry key="https://repo.maven.apache.org/maven2/org/apache/maven/apache-maven/3.9.4/apache-maven-3.9.4-bin.zip" value="$USER_HOME$/.m2/wrapper/dists/apache-maven-3.9.4-bin/2vqnav6ufo1qvo5j2um40861m/apache-maven-3.9.4" />
        <entry key="https://repo1.maven.org/maven2/org/apache/maven/apache-maven/3.3.3/apache-maven-3.3.3-bin.zip" value="$USER_HOME$/.m2/wrapper/dists/apache-maven-3.3.3-bin/3opbjp6rgl6qp7k2a6tljcpvgp/apache-maven-3.3.3" />
        <entry key="https://repo1.maven.org/maven2/org/apache/maven/apache-maven/3.6.0/apache-maven-3.6.0-bin.zip" value="$USER_HOME$/.m2/wrapper/dists/apache-maven-3.6.0-bin/3rgjh30jneo7541hun7uggltkb/apache-maven-3.6.0" />
      </map>
    </option>
  </component>
</application>